City_ID,City,Lat,Lng,Max Temp,Humidity,Cloudiness,Wind Speed,Country,Date
0,butaritari,3.0707,172.7902,27.5,77,15,9.03,KI,1674026424
1,kristiansund,63.1115,7.732,0.36,69,20,1.03,NO,1674026424
2,tuktoyaktuk,69.4541,-133.0374,-23.04,99,100,3.45,CA,1674026424
3,baoning,25.3378,110.026,10.92,24,75,2.0,CN,1674026424
4,nantucket,41.2835,-70.0995,6.19,87,100,4.63,US,1674026424
5,jamestown,42.097,-79.2353,2.8,72,100,4.12,US,1674026425
6,hermanus,-34.4187,19.2345,24.33,80,96,0.43,ZA,1674026425
7,tuatapere,-46.1333,167.6833,17.07,71,72,1.47,NZ,1674026425
8,hay river,60.8156,-115.7999,-12.01,85,20,1.54,CA,1674026426
9,rikitea,-23.1203,-134.9692,25.86,70,25,2.98,PF,1674026426
10,arraial do cabo,-22.9661,-42.0278,23.03,94,3,6.89,BR,1674026426
11,aklavik,68.2191,-135.0107,-25.95,98,100,0.64,CA,1674026426
12,new norfolk,-42.7826,147.0587,18.73,45,32,4.02,AU,1674026427
13,ushuaia,-54.8,-68.3,11.81,71,40,2.06,AR,1674026243
14,port-cartier,50.0334,-66.8654,1.12,94,100,1.81,CA,1674026428
15,mataura,-46.1927,168.8643,20.63,59,31,1.73,NZ,1674026428
16,casa nova,-9.4167,-41.1333,23.48,68,100,6.76,BR,1674026428
17,flinders,-34.5833,150.8552,25.66,77,94,4.02,AU,1674026429
18,sao miguel,-5.4667,-35.3667,23.43,86,68,4.99,BR,1674026429
19,bluff,-46.6,168.3333,15.26,77,6,5.06,NZ,1674026429
20,port elizabeth,-33.918,25.5701,28.94,88,0,5.66,ZA,1674026325
21,faya,18.3851,42.4509,16.29,59,10,1.16,SA,1674026430
22,bredasdorp,-34.5322,20.0403,22.85,86,100,1.65,ZA,1674026430
23,prachin buri,14.0833,101.6667,32.16,32,9,3.02,TH,1674026430
24,salinopolis,-0.6136,-47.3561,24.11,89,100,2.34,BR,1674026431
25,puerto ayora,-0.7393,-90.3518,23.08,98,89,2.42,EC,1674026432
26,maltahohe,-24.8333,16.9833,26.13,33,100,3.48,NA,1674026401
27,lavrentiya,65.5833,-171.0,-30.34,94,34,4.14,RU,1674026432
28,tiksi,71.6872,128.8694,-31.14,100,100,1.98,RU,1674026433
29,bilibino,68.0546,166.4372,-34.15,98,46,1.06,RU,1674026433
30,chute-aux-outardes,49.1168,-68.399,-2.01,93,100,2.57,CA,1674026433
31,vaini,-21.2,-175.2,27.09,94,20,2.57,TO,1674026434
32,wilmington,34.2257,-77.9447,12.73,79,75,1.54,US,1674026434
33,hilo,19.7297,-155.09,23.12,91,75,1.54,US,1674026434
34,oberndorf,48.2905,8.5722,0.5,100,100,2.54,DE,1674026434
35,dhankuta,26.9833,87.3333,15.15,41,9,3.22,NP,1674026435
36,lebu,-37.6167,-73.65,12.37,91,61,4.3,CL,1674026435
37,moshi,-3.35,37.3333,26.59,44,72,1.59,TZ,1674026435
38,mabaruma,8.2,-59.7833,20.62,98,98,0.86,GY,1674026435
39,malartic,48.1335,-78.1328,-2.94,97,100,1.72,CA,1674026437
40,hasaki,35.7333,140.8333,14.05,55,59,3.87,JP,1674026200
41,mar del plata,-38.0023,-57.5575,22.19,94,20,5.81,AR,1674026291
42,fortuna,40.5982,-124.1573,7.19,93,0,5.14,US,1674026438
43,ballachulish,56.6774,-5.1308,-2.15,95,73,1.43,GB,1674026438
44,san cristobal,7.7669,-72.225,17.49,88,32,0.48,VE,1674026296
45,samarai,-10.6167,150.6667,28.33,77,100,3.88,PG,1674026438
46,broome,42.2506,-75.833,5.47,91,100,3.09,US,1674026439
47,berlevag,70.8578,29.0864,-2.0,63,0,7.2,NO,1674026440
48,fort nelson,58.8053,-122.7002,-15.03,96,100,0.0,CA,1674026440
49,srednekolymsk,67.45,153.6833,-40.29,99,95,2.44,RU,1674026440
50,placido de castro,-10.3353,-67.1856,21.77,93,99,1.02,BR,1674026440
51,karakol,42.4907,78.3936,-5.72,60,0,0.49,KG,1674026440
52,poum,-20.2333,164.0167,23.95,89,100,8.78,NC,1674026441
53,fairlie,55.756,-4.8556,3.0,83,48,6.35,GB,1674026441
54,atuona,-9.8,-139.0333,25.53,79,21,9.4,PF,1674026441
55,zhigansk,66.7697,123.3711,-48.59,97,49,1.7,RU,1674026442
56,brae,60.3964,-1.353,3.47,70,100,12.59,GB,1674026442
57,khatanga,71.9667,102.5,-32.16,96,99,2.96,RU,1674026442
58,denpasar,-8.65,115.2167,30.81,74,20,5.14,ID,1674025966
59,itarema,-2.9248,-39.9167,24.91,83,100,4.08,BR,1674026443
60,waingapu,-9.6567,120.2641,28.84,72,61,2.64,ID,1674026443
61,ambulu,-8.345,113.6058,27.67,80,100,3.04,ID,1674026444
62,busselton,-33.65,115.3333,26.33,35,100,3.96,AU,1674026346
63,constitucion,-35.3333,-72.4167,12.71,67,8,2.46,CL,1674026444
64,esperance,-33.8667,121.9,19.24,52,3,8.28,AU,1674026445
65,georgetown,5.4112,100.3354,30.97,58,20,4.12,MY,1674026218
66,tasiilaq,65.6145,-37.6368,-13.91,70,80,3.32,GL,1674026445
67,geraldton,-28.7667,114.6,33.23,29,0,10.8,AU,1674026335
68,riyadh,24.6877,46.7219,12.08,57,61,5.84,SA,1674026446
69,matsuura,33.3271,129.721,8.37,60,99,4.93,JP,1674026446
70,kruisfontein,-34.0033,24.7314,27.71,48,100,2.94,ZA,1674026447
71,hithadhoo,-0.6,73.0833,27.2,67,3,2.91,MV,1674026448
72,quthing,-30.4,27.7003,26.56,23,1,1.64,LS,1674026448
73,kyra,49.5776,111.9753,-13.14,67,100,4.13,RU,1674026448
74,wewak,-3.5534,143.6268,26.68,83,100,4.32,PG,1674026449
75,castro,-24.7911,-50.0119,18.2,97,100,2.45,BR,1674026449
76,saint-philippe,-21.3585,55.7679,27.77,86,59,7.2,RE,1674026449
77,thompson,55.7435,-97.8558,-9.91,92,100,2.06,CA,1674026449
78,kapaa,22.0752,-159.319,23.18,85,20,1.54,US,1674026449
79,vestmanna,62.1564,-7.1664,-0.49,80,75,13.38,FO,1674026449
80,cabo san lucas,22.8909,-109.9124,19.73,75,70,4.78,MX,1674026344
81,dikson,73.5069,80.5464,-24.43,72,100,4.38,RU,1674026450
82,lawrenceburg,38.0373,-84.8966,7.32,84,0,1.54,US,1674026450
83,novobirilyussy,56.9514,90.6661,-27.02,93,70,0.94,RU,1674026451
84,grand gaube,-20.0064,57.6608,28.54,71,100,5.81,MU,1674026451
85,burgeo,47.6167,-57.6152,3.33,97,100,5.17,CA,1674026451
86,hobart,-42.8794,147.3294,18.92,48,20,10.29,AU,1674026411
87,okato,-39.2,173.8833,22.73,100,0,4.31,NZ,1674026451
88,jacareacanga,-6.2222,-57.7528,21.21,100,100,0.1,BR,1674026452
89,cabedelo,-6.9811,-34.8339,24.37,82,12,4.85,BR,1674026350
90,aguie,13.506,7.7786,15.22,29,0,4.2,NE,1674026452
91,cape town,-33.9258,18.4232,25.62,69,0,5.14,ZA,1674026452
92,kismayo,-0.3582,42.5454,27.5,64,100,6.69,SO,1674026453
93,sola,-13.8833,167.55,27.03,83,100,12.56,VU,1674026454
94,duartina,-22.4144,-49.4039,21.69,95,62,2.54,BR,1674026454
95,la ronge,55.1001,-105.2842,-8.86,79,100,4.12,CA,1674026454
96,mangrol,21.1167,70.1167,24.42,25,0,1.24,IN,1674026454
97,nome,64.5011,-165.4064,-18.96,71,75,5.14,US,1674026454
98,donghai,22.9459,115.642,18.47,42,26,2.18,CN,1674026455
99,dunedin,-45.8742,170.5036,15.45,89,65,2.68,NZ,1674026455
100,mezhova,48.2532,36.7347,1.83,78,100,7.77,UA,1674026455
101,salto,-31.3833,-57.9667,26.04,72,26,4.02,UY,1674026456
102,pitimbu,-7.4706,-34.8086,24.33,83,18,4.34,BR,1674026456
103,yulin,22.6333,110.15,10.49,57,92,2.9,CN,1674026457
104,mecca,21.4267,39.8261,23.66,40,18,0.75,SA,1674026272
105,fonte boa,-2.4959,-66.2662,21.29,99,100,0.9,BR,1674026457
106,yellowknife,62.456,-114.3525,-10.71,92,100,2.57,CA,1674026457
107,sao filipe,14.8961,-24.4956,24.51,59,10,5.61,CV,1674026457
108,mahebourg,-20.4081,57.7,28.47,74,75,7.72,MU,1674026441
109,saskylakh,71.9167,114.0833,-30.43,100,82,3.0,RU,1674026458
110,albany,42.6001,-73.9662,1.41,89,86,1.01,US,1674026458
111,deputatskiy,69.3,139.9,-36.03,100,100,1.02,RU,1674026458
112,yarkovo,57.4028,67.0786,-9.08,83,100,4.09,RU,1674026458
113,qaanaaq,77.484,-69.3632,-28.45,89,99,2.79,GL,1674026458
114,sangar,63.9242,127.4739,-49.66,99,92,0.05,RU,1674026459
115,bairiki,1.3292,172.9752,28.0,83,20,4.12,KI,1674026460
116,ponta do sol,32.6667,-17.1,15.4,70,30,3.95,PT,1674026460
117,cidreira,-30.1811,-50.2056,23.06,88,96,4.6,BR,1674026460
118,antalaha,-14.9003,50.2788,28.54,65,100,6.69,MG,1674026460
119,punta arenas,-53.15,-70.9167,13.06,71,75,6.17,CL,1674026460
120,mitu,1.1983,-70.1733,20.95,99,97,0.85,CO,1674026461
121,alihe,50.5667,123.7167,-20.03,86,100,1.35,CN,1674026390
122,port alfred,-33.5906,26.891,30.22,59,62,2.78,ZA,1674026461
123,luderitz,-26.6481,15.1594,19.38,83,91,0.78,NA,1674026409
124,golden,39.7555,-105.2211,-2.35,91,100,3.6,US,1674026461
125,mustasaari,63.1142,21.6822,-0.03,93,100,4.63,FI,1674026397
126,linxia,35.6003,103.2064,-5.03,47,100,1.89,CN,1674026462
127,muhos,64.808,25.9931,-0.12,90,100,5.06,FI,1674026462
128,boa vista,2.8197,-60.6733,21.99,94,100,2.57,BR,1674026463
129,mirador,-6.3708,-44.3631,21.47,94,100,0.98,BR,1674026463
130,dauriya,49.9333,116.8667,-18.89,97,100,2.66,RU,1674026464
131,aswan,24.0934,32.907,16.16,57,12,4.31,EG,1674026465
132,coolum beach,-26.5333,153.1,25.62,78,0,0.45,AU,1674026465
133,bethel,41.3712,-73.414,5.93,69,40,0.0,US,1674026465
134,fukue,32.6881,128.8419,8.2,49,20,5.14,JP,1674026466
135,walvis bay,-22.9575,14.5053,21.53,83,100,2.06,NA,1674026466
136,port blair,11.6667,92.75,29.02,54,75,4.63,IN,1674025694
137,severo-kurilsk,50.6789,156.125,-8.51,59,100,9.43,RU,1674026466
138,faanui,-16.4833,-151.75,26.78,74,0,4.78,PF,1674026466
139,lorengau,-2.0226,147.2712,28.95,70,94,1.46,PG,1674026467
140,ribeira grande,38.5167,-28.7,12.1,50,0,4.63,PT,1674026468
141,kirakira,-10.4544,161.9205,26.15,87,98,4.52,SB,1674026468
142,wagar,16.1525,36.2032,23.08,63,0,5.06,SD,1674026468
143,nishihara,26.1842,127.7558,16.6,63,75,8.23,JP,1674026468
144,dire,12.2833,-10.9667,19.41,19,5,0.39,ML,1674026468
145,sambava,-14.2667,50.1667,28.4,63,98,7.51,MG,1674026468
146,victoria,22.2855,114.1577,18.35,55,15,5.81,HK,1674026253
147,bandarbeyla,9.4942,50.8122,25.52,65,100,8.59,SO,1674026469
148,jumla,29.2747,82.1838,10.5,10,0,2.96,NP,1674026470
149,ouesso,1.6136,16.0517,27.28,53,80,1.47,CG,1674026470
150,kununurra,-15.7667,128.7333,26.99,89,87,2.57,AU,1674026470
151,karaton,-6.3424,106.1045,26.4,79,100,2.16,ID,1674026471
152,cleethorpes,53.5605,-0.0323,1.14,86,74,7.72,GB,1674026471
153,provideniya,64.3833,-173.3,-27.55,86,2,3.52,RU,1674026471
154,nyurba,63.2842,118.3319,-48.32,99,97,0.83,RU,1674026471
155,matara,5.9485,80.5353,29.49,61,100,4.76,LK,1674026249
156,barrow,71.2906,-156.7887,-21.99,77,100,8.75,US,1674026471
157,joshimath,30.5667,79.5667,10.41,22,96,2.76,IN,1674026472
158,bad kreuznach,49.8333,7.8667,0.84,80,100,2.53,DE,1674026263
159,yar-sale,66.8333,70.8333,-12.12,96,100,2.54,RU,1674026472
160,taga,46.95,24.05,9.18,78,100,6.04,RO,1674026472
161,vila franca do campo,37.7167,-25.4333,12.23,78,4,3.51,PT,1674026472
162,saldanha,-33.0117,17.9442,18.03,87,100,5.06,ZA,1674026432
163,alugan,12.2188,125.4808,27.4,80,100,2.61,PH,1674026473
164,iqaluit,63.7506,-68.5145,-20.73,70,100,1.54,CA,1674026473
165,adrar,20.5022,-10.0711,15.67,20,100,3.72,MR,1674026473
166,kingston,17.997,-76.7936,24.53,81,20,4.63,JM,1674026272
167,sinnamary,5.3833,-52.95,23.98,82,100,2.21,GF,1674026474
168,praia da vitoria,38.7333,-27.0667,11.14,93,40,3.83,PT,1674026475
169,veseloyarsk,51.2836,81.1056,-13.8,93,15,3.42,RU,1674026475
170,alofi,-19.0595,-169.9187,25.94,94,100,1.54,NU,1674026395
171,kaitangata,-46.2817,169.8464,16.08,82,25,3.32,NZ,1674026475
172,pangnirtung,66.1451,-65.7125,-22.71,73,100,1.23,CA,1674026476
173,kodiak,57.79,-152.4072,-0.27,64,0,4.12,US,1674026476
174,katsuura,35.1333,140.3,11.01,55,40,3.32,JP,1674026280
175,port moresby,-9.4431,147.1797,30.68,62,40,5.14,PG,1674026476
176,cabadiangan,9.7531,122.4739,28.22,82,100,3.59,PH,1674026478
177,souillac,-20.5167,57.5167,28.21,74,75,7.72,MU,1674026478
178,salalah,17.0151,54.0924,26.05,61,40,2.57,OM,1674026422
179,nikolskoye,59.7035,30.7861,1.94,97,100,4.67,RU,1674026478
180,kloulklubed,7.0419,134.2556,29.28,74,44,4.46,PW,1674026479
181,olinda,-8.0089,-34.8553,26.85,74,75,2.57,BR,1674026480
182,guna,24.65,77.3167,19.46,20,0,2.61,IN,1674026480
183,pisco,-13.7,-76.2167,20.03,83,100,1.03,PE,1674026480
184,namatanai,-3.6667,152.4333,28.19,72,100,3.58,PG,1674026480
185,avarua,-21.2078,-159.775,23.03,100,20,2.06,CK,1674026437
186,valley city,46.9233,-98.0032,-11.71,100,100,3.6,US,1674026481
187,santa helena,-2.2311,-45.3,22.37,98,97,0.86,BR,1674026481
188,lasa,46.6166,10.7002,-2.51,90,100,0.93,IT,1674026482
189,kibala,9.1104,18.3463,20.97,40,0,2.57,TD,1674026482
190,uaua,-9.8414,-39.4817,20.84,87,99,4.04,BR,1674026483
191,codrington,-38.2667,141.9667,14.45,61,100,8.06,AU,1674026483
192,nandu,22.8525,110.8233,10.32,63,100,2.25,CN,1674026483
193,mango,27.9797,-82.3065,16.11,89,0,2.92,US,1674026484
194,grindavik,63.8424,-22.4338,-6.74,68,20,5.66,IS,1674026484
195,khuzdar,27.7384,66.6434,14.07,24,18,2.71,PK,1674026484
196,port angeles,48.1181,-123.4307,8.21,64,75,0.0,US,1674026484
197,bilma,18.6853,12.9164,15.45,26,0,3.18,NE,1674026485
198,santa maria,-29.6842,-53.8069,19.83,92,17,3.27,BR,1674026485
199,boyolangu,-8.1181,111.8935,28.32,75,100,4.17,ID,1674026485
200,la romana,18.4273,-68.9728,19.47,74,0,4.45,DO,1674026486
201,naze,28.3667,129.4833,14.51,69,100,7.49,JP,1674026255
202,ilulissat,69.2167,-51.1,-33.47,77,0,3.33,GL,1674026486
203,torbay,47.6666,-52.7314,8.43,97,75,4.63,CA,1674026486
204,paracatu,-17.2222,-46.8747,18.41,91,23,0.83,BR,1674026486
205,cherskiy,68.75,161.3,-43.92,99,77,2.01,RU,1674026487
206,owo,7.1962,5.5868,21.43,68,72,0.33,NG,1674026488
207,assiniboia,49.6334,-105.9845,-4.1,86,100,1.03,CA,1674026488
208,cayenne,4.9333,-52.3333,23.02,100,96,0.51,GF,1674026488
209,mount pleasant,32.7941,-79.8626,15.7,95,100,1.54,US,1674026488
210,kavieng,-2.5744,150.7967,28.35,71,100,2.95,PG,1674026489
211,tura,25.5198,90.2201,21.68,27,0,2.09,IN,1674026489
212,kautokeino,69.0125,23.0412,-10.77,97,100,1.54,NO,1674026490
213,esso,55.9333,158.7,-16.65,98,100,2.33,RU,1674026490
214,santiago,-33.4569,-70.6483,19.92,56,0,2.06,CL,1674026490
215,hambantota,6.1241,81.1185,28.59,66,100,9.02,LK,1674026490
216,gao,16.6362,1.637,16.11,18,3,5.1,ML,1674026491
217,sibolga,1.7427,98.7792,28.46,62,100,2.16,ID,1674026491
218,kavaratti,10.5669,72.642,26.84,74,13,5.05,IN,1674026491
219,tautira,-17.7333,-149.15,26.5,78,15,5.52,PF,1674026491
220,san quintin,30.4833,-115.95,12.61,70,43,4.38,MX,1674026491
221,buala,-8.145,159.5921,27.14,82,100,4.5,SB,1674026492
222,pevek,69.7008,170.3133,-34.86,99,100,1.46,RU,1674026492
223,soyo,-6.1349,12.3689,26.52,83,97,2.9,AO,1674026492
224,cwmbran,51.6545,-3.0228,3.84,91,98,4.36,GB,1674026492
225,sobolevo,54.4299,31.8996,1.52,100,100,5.86,RU,1674026492
226,ahipara,-35.1667,173.1667,18.88,82,9,3.62,NZ,1674026492
227,sabang,5.8933,95.3214,26.87,69,100,7.23,ID,1674026493
228,perigueux,45.1833,0.7167,2.67,84,96,4.97,FR,1674026493
229,xai-xai,-25.0519,33.6442,30.94,58,62,1.68,MZ,1674026493
230,barkot,30.8167,78.2,15.9,15,100,1.8,IN,1674026493
231,martapura,-3.4167,114.85,26.05,83,40,1.03,ID,1674026493
232,severnyy,50.677,36.5532,1.02,93,100,7.0,RU,1674026494
233,port lincoln,-34.7333,135.8667,17.83,59,1,8.94,AU,1674026494
234,pundaguitan,6.3711,126.1689,27.67,74,18,3.52,PH,1674026494
235,tianpeng,30.9866,103.9393,8.26,26,0,1.81,CN,1674026495
236,saint-francois,46.4154,3.9054,0.53,100,75,3.09,FR,1674026495
237,lisakovsk,52.5369,62.4936,-15.4,68,0,2.51,KZ,1674026495
238,havelock,34.8791,-76.9013,13.33,87,100,3.6,US,1674026495
239,sofiyivka,48.0493,33.8746,7.49,77,100,8.93,UA,1674026496
240,padang,-0.9492,100.3543,30.03,64,92,3.03,ID,1674026092
241,vestmannaeyjar,63.4427,-20.2734,-6.33,77,0,8.44,IS,1674026496
242,awbari,26.5921,12.7805,11.54,24,0,3.52,LY,1674026496
243,mahon,39.8885,4.2658,7.31,76,40,4.12,ES,1674026496
244,tha bo,17.85,102.5814,26.59,61,20,3.09,TH,1674026496
245,bakel,14.905,-12.4568,22.55,14,100,4.52,SN,1674026497
246,asau,46.4333,26.4,5.71,79,42,3.76,RO,1674026497
247,nizhnyaya tura,58.6293,59.8118,-8.24,86,100,4.16,RU,1674026372
248,margate,51.3813,1.3862,-1.74,89,8,7.15,GB,1674026497
249,guerrero negro,27.9769,-114.0611,14.18,60,12,6.61,MX,1674026497
250,sayat,38.7839,63.8803,-3.07,55,100,2.65,TM,1674026498
251,binga,-17.6203,27.3414,22.56,88,100,4.36,ZW,1674026498
252,chuy,-33.6971,-53.4616,19.46,84,0,3.23,UY,1674026498
253,karema,-6.8205,30.4389,21.42,89,95,1.51,TZ,1674026498
254,tombouctou,20.0,-3.0,17.21,18,98,4.03,ML,1674026498
255,norman wells,65.282,-126.8329,-25.98,76,40,0.0,CA,1674026498
256,lubumbashi,-11.6609,27.4794,18.1,92,100,1.63,CD,1674026499
257,pontarlier,46.8333,6.25,-1.14,98,100,1.35,FR,1674026499
258,clyde river,70.4692,-68.5914,-29.87,76,20,6.69,CA,1674026499
259,moron,-34.6534,-58.6198,23.94,75,100,4.85,AR,1674026499
260,zhezkazgan,47.8043,67.7144,-12.01,72,0,7.0,KZ,1674026500
261,rivadavia,-33.1905,-68.4608,19.81,71,4,3.06,AR,1674026500
262,manicore,-5.8092,-61.3003,21.76,100,100,1.18,BR,1674026501
263,canon city,38.441,-105.2424,0.94,92,100,1.34,US,1674026501
264,mehamn,71.0357,27.8492,-2.03,74,0,5.66,NO,1674026501
265,praia,14.9215,-23.5087,22.3,83,0,10.8,CV,1674026501
266,hami,42.8,93.45,-6.77,38,53,2.15,CN,1674026495
267,port antonio,18.18,-76.4612,24.95,84,20,2.27,JM,1674026501
268,saint anthony,45.0205,-93.218,1.03,87,100,3.09,US,1674026502
269,baoqing,46.3317,132.2111,-14.05,86,100,1.68,CN,1674026502
270,raga,8.4596,25.678,23.51,19,2,4.11,SS,1674026502
271,axim,4.8699,-2.2405,25.7,84,97,2.09,GH,1674026502
272,aguililla,18.7333,-102.7333,15.53,79,72,1.43,MX,1674026503
273,mount gambier,-37.8333,140.7667,15.0,55,90,5.62,AU,1674026503
274,anadyr,64.75,177.4833,-27.72,69,0,5.0,RU,1674026503
275,nanlong,31.3533,106.0631,8.05,40,16,2.33,CN,1674026491
276,airai,-8.9266,125.4092,21.48,73,100,1.69,TL,1674026504
277,buluang,13.3068,123.3425,26.55,85,95,3.47,PH,1674026504
278,vao,-22.6667,167.4833,24.41,65,100,6.73,NC,1674026504
279,ternate,0.8,127.4,28.36,71,90,2.42,ID,1674026504
280,lompoc,34.6391,-120.4579,7.19,88,0,2.06,US,1674026505
281,high level,58.5169,-117.136,-5.94,100,100,3.09,CA,1674026505
282,osa,57.2829,55.4567,-13.03,89,100,2.33,RU,1674026487
283,skibbereen,51.55,-9.2667,3.9,75,96,8.98,IE,1674026505
284,caluquembe,-13.7833,14.6833,15.04,97,100,1.08,AO,1674026270
285,constantine,36.365,6.6147,10.67,66,75,9.77,DZ,1674026506
286,kabac,11.2353,123.6979,26.79,83,100,5.65,PH,1674026506
287,along,28.1667,94.7667,21.35,35,2,0.75,IN,1674026506
288,utete,-7.986,38.758,29.76,64,100,1.35,TZ,1674026506
289,do gonbadan,30.3586,50.7981,12.05,82,20,0.0,IR,1674026358
290,tilichiki,60.4667,166.1,-20.87,95,100,3.87,RU,1674026506
291,carnarvon,-24.8667,113.6333,29.2,59,6,9.67,AU,1674026506
292,longyearbyen,78.2186,15.6401,-11.09,62,0,4.63,SJ,1674026507
293,tirau,-37.9833,175.75,20.63,73,100,1.28,NZ,1674026507
294,riviere-au-renard,48.9957,-64.3971,2.16,98,100,2.55,CA,1674026507
295,ambilobe,-13.2,49.05,28.61,65,100,2.33,MG,1674026507
296,husavik,66.0449,-17.3389,-3.51,87,100,6.58,IS,1674026508
297,saint-joseph,-21.3667,55.6167,27.21,79,54,7.02,RE,1674026508
298,guilin,25.2819,110.2864,11.06,26,97,1.74,CN,1674026375
299,chulman,56.8479,124.9104,-38.57,99,99,1.05,RU,1674026508
300,mansoa,12.0733,-15.3189,20.11,23,95,2.68,GW,1674026509
301,minsk,53.9,27.5667,1.86,99,100,5.97,BY,1674025685
302,jadu,31.953,12.0261,9.57,25,0,7.95,LY,1674026509
303,trelew,-43.249,-65.3051,21.92,67,100,3.26,AR,1674026409
304,port augusta,-32.5,137.7667,23.83,56,88,10.21,AU,1674026509
305,samana,19.2056,-69.3369,21.86,65,49,2.6,DO,1674026509
306,saint george,37.1041,-113.5841,3.57,86,75,0.89,US,1674026510
307,mercedes,-34.6515,-59.4307,23.77,45,100,5.3,AR,1674026232
308,roros,62.5747,11.3842,-5.09,93,75,1.03,NO,1674026510
309,san patricio,28.017,-97.5169,22.13,90,100,6.84,US,1674026510
310,inuvik,68.3499,-133.7218,-17.52,85,100,0.51,CA,1674026510
311,weligama,5.9667,80.4167,29.16,62,100,2.75,LK,1674026511
312,cervo,43.6702,-7.4101,7.86,71,100,8.63,ES,1674026511
313,concepcion,-36.827,-73.0498,12.89,94,75,2.57,CL,1674026511
314,bombay,19.0144,72.8479,29.99,30,5,3.09,IN,1674026511
315,shimoda,34.6667,138.95,11.2,63,94,1.42,JP,1674026464
316,talnakh,69.4865,88.3972,-29.89,85,100,4.07,RU,1674026512
317,maceio,-9.6658,-35.7353,23.69,94,20,1.54,BR,1674026512
318,port hardy,50.6996,-127.4199,7.1,93,100,10.8,CA,1674026512
319,banda aceh,5.5577,95.3222,28.15,65,100,6.16,ID,1674026394
320,san ramon de la nueva oran,-23.1322,-64.326,29.12,56,88,0.88,AR,1674026513
321,chimbote,-9.0853,-78.5783,20.03,80,89,1.55,PE,1674026513
322,lethem,3.3803,-59.7968,23.01,83,100,3.31,GY,1674026513
323,santa rosa,14.3122,121.1114,28.9,78,100,6.45,PH,1674026231
324,manzanillo,20.3433,-77.1167,17.7,80,0,1.7,CU,1674026513
325,kaeo,-35.1,173.7833,18.2,83,88,0.93,NZ,1674026514
326,upernavik,72.7868,-56.1549,-24.17,94,100,2.87,GL,1674026514
327,puerto rondon,6.2805,-71.1,22.97,72,74,2.44,CO,1674026514
328,verkhnyaya inta,65.9811,60.3094,-8.52,88,99,8.55,RU,1674026514
329,neveklov,49.7537,14.5329,0.68,97,100,1.56,CZ,1674026515
330,dingle,10.9995,122.6711,27.89,82,100,4.93,PH,1674026515
331,suba,10.8438,121.0102,26.76,86,100,7.42,PH,1674026515
332,sicuani,-14.2694,-71.2261,7.41,85,100,0.83,PE,1674026515
333,garden city,42.3256,-83.331,4.94,86,100,7.2,US,1674026515
334,panormos,35.4182,24.6909,17.23,73,71,5.08,GR,1674026516
335,toktogul,41.8708,72.9402,-6.81,59,0,0.62,KG,1674026516
336,kokopo,-4.352,152.2633,28.02,73,100,6.03,PG,1674026516
337,yerofey pavlovich,53.9667,121.9667,-27.31,90,100,2.16,RU,1674026516
338,chase,50.8165,-119.6857,3.49,98,99,1.63,CA,1674026517
339,mogadishu,2.0371,45.3438,27.93,74,40,7.72,SO,1674026517
340,te anau,-45.4167,167.7167,19.29,65,100,2.23,NZ,1674026517
341,abu dhabi,24.4667,54.3667,23.06,58,40,6.69,AE,1674025937
342,camopi,3.1655,-52.3158,21.08,99,100,0.94,GF,1674026518
343,junin,-34.5838,-60.9433,22.16,75,100,5.53,AR,1674026518
344,buritis,-15.6178,-46.4233,19.02,94,5,0.93,BR,1674026518
345,semnan,35.5729,53.3971,6.24,41,0,1.06,IR,1674026519
346,korla,41.7597,86.1469,-9.64,72,5,2.44,CN,1674026493
347,tigre,-34.426,-58.5796,24.08,74,0,5.14,AR,1674026272
348,vila velha,-20.3297,-40.2925,23.3,97,75,1.54,BR,1674026519
349,bengkulu,-3.8004,102.2655,28.02,71,100,4.05,ID,1674026035
350,grants pass,42.439,-123.3284,4.73,93,75,0.0,US,1674026520
351,honiara,-9.4333,159.95,25.33,92,100,2.87,SB,1674026378
352,san carlos de bariloche,-41.1456,-71.3082,10.86,54,0,3.09,AR,1674026520
353,itanhandu,-22.2958,-44.9347,16.87,96,95,0.46,BR,1674026521
354,jiangyou,31.7667,104.7167,7.35,28,98,2.28,CN,1674026522
355,salinas,36.6777,-121.6555,8.29,84,0,2.57,US,1674026522
356,mastic beach,40.7668,-72.8521,6.11,79,0,5.81,US,1674026523
357,isangel,-19.55,169.2667,23.91,93,100,3.72,VU,1674026523
358,matay,28.419,30.7792,14.12,48,0,2.54,EG,1674026523
359,ancud,-41.8697,-73.8203,11.14,89,89,0.88,CL,1674026477
360,robertsport,6.7533,-11.3686,23.7,94,70,3.74,LR,1674026524
361,saryg-sep,51.5,95.6,-15.13,88,96,0.87,RU,1674026524
362,the valley,18.217,-63.0578,24.92,78,8,7.0,AI,1674026278
363,bambanglipuro,-7.95,110.2833,28.08,74,100,3.4,ID,1674026524
364,nanortalik,60.1432,-45.2371,-2.68,80,100,2.82,GL,1674026524
365,abu kamal,34.4506,40.9171,12.71,60,0,3.81,SY,1674026524
366,kungurtug,50.5994,97.5228,-15.46,81,100,6.08,RU,1674026525
367,troitskoye,52.9821,84.6757,-11.4,91,100,4.61,RU,1674026525
368,juneau,58.3019,-134.4197,4.01,94,100,7.72,US,1674026525
369,antsohihy,-14.8796,47.9875,30.11,52,24,4.48,MG,1674026525
370,salina,38.8403,-97.6114,2.19,89,100,6.17,US,1674026526
371,salina cruz,16.1667,-95.2,24.73,84,41,5.69,MX,1674026527
372,umm kaddadah,13.6017,26.6876,18.8,22,12,7.69,SD,1674026527
373,chokurdakh,70.6333,147.9167,-37.89,100,74,1.11,RU,1674026527
374,pontes e lacerda,-15.2261,-59.3353,20.53,96,100,0.75,BR,1674026528
375,zimapan,20.75,-99.35,14.44,29,64,3.15,MX,1674026528
376,almolonga,14.8167,-91.5,10.93,93,68,1.05,GT,1674026528
377,pemangkat,1.1667,108.9667,28.05,73,97,6.29,ID,1674026508
378,mareeba,-17.0,145.4333,24.69,96,100,1.1,AU,1674026528
379,yamada,39.4667,141.95,2.93,68,100,6.14,JP,1674026529
380,buraydah,26.326,43.975,11.25,58,46,4.37,SA,1674026529
381,careiro da varzea,-3.2003,-59.8119,23.35,97,100,1.64,BR,1674026529
382,changji,44.0167,87.3167,-15.56,78,11,2.0,CN,1674026493
383,coromandel,-18.4733,-47.2003,18.65,80,89,1.94,BR,1674026530
384,macusani,-14.0833,-70.4333,2.76,86,98,1.45,PE,1674026530
385,nachalovo,46.338,48.2013,-4.04,68,0,4.0,RU,1674026531
386,manali,13.1667,80.2667,29.05,55,93,4.72,IN,1674026512
387,kahului,20.8947,-156.47,23.8,83,20,3.09,US,1674026532
388,alexandria,31.2156,29.9553,13.97,74,0,3.21,EG,1674026324
389,kenai,60.5544,-151.2583,-4.92,89,0,0.0,US,1674026532
390,chiang kham,19.5233,100.3,30.12,46,97,2.81,TH,1674026533
391,lamu,-2.2717,40.902,27.7,64,16,4.47,KE,1674026533
392,baley,51.6,116.6333,-18.19,88,100,1.65,RU,1674026533
393,leningradskiy,69.3833,178.4167,-26.96,95,100,6.69,RU,1674026533
394,revda,56.801,59.9303,-8.26,70,76,4.14,RU,1674026331
395,ransang,8.9603,117.5828,27.79,75,99,1.25,PH,1674026533
396,klaksvik,62.2266,-6.589,0.51,69,90,12.92,FO,1674026534
397,ciudad bolivar,8.1222,-63.5497,23.01,79,100,3.25,VE,1674026468
398,sandpoint,48.2766,-116.5533,1.59,96,100,1.54,US,1674026534
399,varna,43.2167,27.9167,16.08,80,20,4.63,BG,1674026534
400,port lavaca,28.615,-96.6261,23.03,92,100,3.6,US,1674026534
401,lovozero,68.005,35.0117,-11.88,98,100,2.54,RU,1674026535
402,kysyl-syr,63.8986,122.7617,-50.82,100,71,1.21,RU,1674026535
403,alberton,46.8168,-64.0654,0.07,94,100,4.82,CA,1674026536
404,polyarnyy,69.1989,33.4478,-8.92,96,100,4.76,RU,1674026536
405,inongo,-1.95,18.2667,23.7,79,42,2.44,CD,1674026536
406,progreso,21.2833,-89.6667,20.62,78,5,5.23,MX,1674026275
407,forestville,38.8451,-76.875,7.99,96,0,2.57,US,1674026537
408,sayyan,15.1718,44.3244,15.38,22,0,3.46,YE,1674026537
409,marondera,-18.1853,31.5519,18.5,81,99,2.57,ZW,1674026537
410,hualmay,-11.0964,-77.6139,20.32,84,100,2.12,PE,1674026537
411,santa marta,11.2408,-74.199,27.16,64,9,4.92,CO,1674026537
412,bowen,-20.0167,148.2333,25.47,79,99,7.98,AU,1674026537
413,takoradi,4.8845,-1.7554,25.95,84,44,2.11,GH,1674026416
414,svetlyy,54.675,20.1347,-1.97,87,100,3.07,RU,1674026326
415,surgut,61.25,73.4167,-14.9,71,0,4.02,RU,1674026538
416,vostok,46.4856,135.8833,-19.88,93,100,1.09,RU,1674026539
417,kasongo-lunda,-6.4667,16.8167,22.96,81,100,0.33,CD,1674026539
418,iwata,34.7,137.85,12.8,43,6,5.36,JP,1674026539
419,byron bay,-28.65,153.6167,25.39,59,0,3.68,AU,1674026474
420,goderich,43.7501,-81.7165,3.84,93,100,6.17,CA,1674026540
421,namibe,-15.1961,12.1522,24.35,73,75,0.0,AO,1674026468
422,puerto colombia,10.9878,-74.9547,25.05,83,5,8.42,CO,1674026418
423,avera,33.194,-82.5271,14.73,96,100,2.4,US,1674026540
424,trairi,-3.2778,-39.2689,24.38,86,100,3.04,BR,1674026540
425,petropavlovsk-kamchatskiy,53.0452,158.6483,-11.67,40,0,6.0,RU,1674026488
426,sioux city,42.5,-96.4003,-3.97,87,100,0.45,US,1674026512
427,poso,-1.3959,120.7524,29.62,64,100,2.05,ID,1674026541
428,oktyabrskiy,54.4815,53.471,-12.68,82,29,2.12,RU,1674026400
429,shenjiamen,29.9576,122.298,6.11,58,5,7.06,CN,1674026542
430,pokhara,28.2333,83.9833,17.52,41,0,3.05,NP,1674026496
431,acapulco,16.8634,-99.8901,23.9,83,40,0.0,MX,1674026284
432,mahibadhoo,3.7833,72.9667,27.12,79,94,4.65,MV,1674026542
433,horta,38.5333,-28.6333,11.68,84,0,4.63,PT,1674026542
434,ust-kuyga,70.0167,135.6,-46.14,100,100,1.77,RU,1674026542
435,bud,39.447,-86.1758,4.01,89,70,2.69,US,1674026543
436,havre-saint-pierre,50.2334,-63.5986,2.2,100,100,2.06,CA,1674026543
437,nouadhibou,20.931,-17.0347,16.99,67,6,9.77,MR,1674026543
438,muros,42.7762,-9.0603,4.49,95,100,9.35,ES,1674026544
439,erzin,36.9559,36.2,13.29,74,19,0.51,TR,1674026544
440,pakala,13.4667,79.1167,25.23,44,87,3.19,IN,1674026544
441,oranjemund,-28.55,16.4333,20.4,84,94,2.11,NA,1674026406
442,hue,16.4667,107.6,17.06,100,100,4.63,VN,1674026278
443,bambous virieux,-20.3428,57.7575,28.45,74,75,7.72,MU,1674026545
444,sioux lookout,50.1001,-91.917,-15.96,92,20,2.57,CA,1674026545
445,khani,41.9563,42.9566,6.76,56,7,1.86,GE,1674026545
446,ashland,40.8167,-82.2665,3.42,90,100,6.04,US,1674026545
447,qorveh,35.1664,47.8045,-3.2,82,46,1.23,IR,1674026545
448,cockburn town,21.4612,-71.1419,24.12,58,60,6.32,TC,1674026497
449,champerico,14.3,-91.9167,23.5,77,29,3.27,GT,1674026546
450,peleduy,59.6289,112.7406,-39.13,86,90,1.75,RU,1674026546
451,langgons,50.5,8.6667,1.93,87,100,1.34,DE,1674026546
452,grand-santi,4.25,-54.3833,20.85,100,99,0.67,GF,1674026546
453,sokolo,14.7328,-6.1219,18.85,20,78,3.7,ML,1674026547
454,rabo de peixe,37.8,-25.5833,11.73,71,20,6.17,PT,1674026547
455,mattru,7.6244,-11.8332,19.46,97,11,0.96,SL,1674026547
456,alasehir,38.3508,28.5172,12.09,79,50,3.18,TR,1674026547
457,bonavista,48.6499,-53.1147,3.34,100,100,4.87,CA,1674026548
458,dutlwe,-23.9833,23.9,26.64,46,6,7.3,BW,1674026548
459,singaraja,-8.112,115.0882,28.19,79,100,2.27,ID,1674026462
460,fomboni,-12.28,43.7425,28.17,69,33,3.43,KM,1674026548
461,navsari,20.9524,72.9324,26.94,26,0,0.59,IN,1674026548
462,hammelburg,50.1167,9.9,-0.64,94,100,2.95,DE,1674026548
463,gunjur,13.2019,-16.7339,21.04,32,0,4.63,GM,1674026549
464,viedma,-40.8135,-62.9967,20.37,79,100,4.39,AR,1674026491
465,suntar,62.1444,117.6319,-48.59,99,87,0.67,RU,1674026549
466,chakradharpur,22.7,85.6333,26.05,40,0,1.77,IN,1674026549
467,kizema,61.113,44.8302,-5.06,94,100,3.87,RU,1674026549
468,takaka,-40.85,172.8,20.87,69,0,0.16,NZ,1674026550
469,medvedovskaya,45.4531,39.0258,6.2,61,0,3.47,RU,1674026550
470,navolato,24.7672,-107.6944,13.13,87,13,1.93,MX,1674026550
471,charleston,32.7766,-79.9309,15.72,95,100,2.57,US,1674026551
472,nipawin,53.3668,-104.0009,-9.98,92,100,4.12,CA,1674026551
473,bathsheba,13.2167,-59.5167,25.34,73,20,5.14,BB,1674026552
474,kushmurun,52.4503,64.6311,-14.99,69,6,2.19,KZ,1674026552
475,mao,39.8885,4.2658,7.31,76,40,4.12,ES,1674026496
476,morvi,22.8167,70.8333,24.42,16,0,4.09,IN,1674026553
477,la rioja,42.25,-2.5,-2.12,96,100,2.49,ES,1674026553
478,portland,45.5234,-122.6762,9.23,84,100,4.63,US,1674026529
479,hormigueros,18.1397,-67.1274,22.71,61,0,1.79,PR,1674026553
480,east london,-33.0153,27.9116,27.52,83,0,1.54,ZA,1674026373
481,westport,41.1415,-73.3579,6.85,67,0,1.34,US,1674026531
482,jatai,-17.8814,-51.7144,19.29,87,100,1.16,BR,1674026554
483,saint-pierre,-21.3393,55.4781,30.51,74,0,15.95,RE,1674026554
484,viransehir,37.2353,39.7631,9.73,56,6,1.84,TR,1674026554
485,kendari,-3.945,122.4989,30.17,62,63,3.19,ID,1674026522
486,murgab,37.4966,61.9714,-3.07,86,75,3.09,TM,1674026556
487,herat,34.5,62.0,3.34,68,100,2.13,AF,1674026557
488,charters towers,-20.1,146.2667,26.68,66,80,6.45,AU,1674026557
489,fuyang,32.9,115.8167,7.53,31,1,3.43,CN,1674026557
490,daru,-9.0763,143.2092,29.51,74,100,5.3,PG,1674026558
491,fontanka,46.5626,30.8607,8.76,86,62,10.99,UA,1674026408
492,katrineholm,58.9959,16.2072,0.94,74,100,4.62,SE,1674026558
493,aurangabad,19.8833,75.3333,26.85,29,0,2.96,IN,1674026303
494,barrhead,55.7992,-4.3929,2.79,80,78,4.12,GB,1674026379
495,otradnoye,59.7775,30.8181,2.03,97,100,4.71,RU,1674026273
496,amapa,1.0,-52.0,20.85,99,100,0.7,BR,1674026559
497,qiongshan,20.0058,110.3542,14.99,82,100,5.0,CN,1674026559
498,sakaiminato,35.55,133.2333,6.99,65,75,2.57,JP,1674026559
499,beisfjord,68.3751,17.5988,0.03,83,100,4.89,NO,1674026560
500,sukhumi,43.0033,41.0153,12.35,49,7,1.49,GE,1674026560
501,sant julia de loria,42.4625,1.4825,-3.15,86,24,3.13,AD,1674026561
502,angoche,-16.2325,39.9086,28.18,73,97,2.25,MZ,1674026561
503,inhambane,-23.865,35.3833,30.99,66,40,4.63,MZ,1674026561
504,amarante do maranhao,-5.5667,-46.7422,20.88,97,100,0.68,BR,1674026561
505,griffith,41.5284,-87.4237,2.96,82,100,4.63,US,1674026561
506,kurumkan,54.3,110.3,-17.8,88,100,0.4,RU,1674026561
507,moose factory,51.2585,-80.6094,-7.0,86,100,6.17,CA,1674026562
508,lucapa,-8.4192,20.7447,19.53,80,100,0.41,AO,1674026393
509,baijiantan,45.6333,85.1833,-17.26,86,12,1.89,CN,1674026562
510,rayagada,19.1667,83.4167,32.37,27,2,1.14,IN,1674026562
511,mweka,-4.85,21.5667,22.87,76,96,0.87,CD,1674026563
512,gigmoto,13.7796,124.39,24.7,94,100,6.2,PH,1674026563
513,haines junction,60.7522,-137.5108,-8.65,97,100,1.38,CA,1674026563
514,arrifes,37.7667,-25.7,11.14,71,20,6.17,PT,1674026563
515,payo,-3.7508,103.6372,26.83,84,96,1.82,ID,1674026563
516,san lorenzo de el escorial,40.5914,-4.1474,1.24,82,50,10.08,ES,1674026564
517,kiruna,67.8557,20.2251,-11.49,92,100,1.54,SE,1674026363
518,coquimbo,-29.9533,-71.3436,15.85,77,0,1.03,CL,1674026564
519,biltine,14.5333,20.9167,22.25,20,100,2.97,TD,1674026564
520,menongue,-14.6585,17.691,18.53,90,100,3.57,AO,1674026564
521,tonekabon,36.8163,50.8738,10.97,75,20,1.12,IR,1674026276
522,khorixas,-20.3667,14.9667,22.34,67,99,2.93,NA,1674026407
523,halifax,44.6453,-63.5724,2.0,91,100,3.6,CA,1674026359
524,paamiut,61.994,-49.6678,-6.57,66,100,3.38,GL,1674026565
525,karratha,-20.7377,116.8463,31.05,54,59,5.19,AU,1674026566
526,olafsvik,64.8945,-23.7142,-4.84,72,68,4.82,IS,1674026567
527,najran,17.4924,44.1277,18.36,70,94,3.19,SA,1674026296
528,lanas,12.0495,121.9185,26.19,88,100,7.17,PH,1674026568
529,ejura,7.3856,-1.3562,22.72,61,73,1.48,GH,1674026568
530,barretos,-20.5572,-48.5678,19.58,91,8,1.93,BR,1674026568
531,lagos,6.5833,3.75,23.18,85,21,1.25,NG,1674026568
532,muskegon,43.3,-86.1334,3.3,90,100,4.63,US,1674026568
533,soledade,-28.8183,-52.5103,17.15,98,43,2.24,BR,1674026569
534,norcasia,5.5778,-74.8852,19.1,97,92,1.22,CO,1674026569
535,jam sahib,26.2958,68.6292,19.01,10,0,1.36,PK,1674026569
536,chiang klang,19.2938,100.8617,29.32,37,20,2.21,TH,1674026570
537,khor,47.8861,134.9464,-24.32,94,51,1.17,RU,1674026570
